"","Date","Total","Public Housing","Private assisted","Private unassisted","Prefabs","Housing associations","Demolitions","Adjustments","Housing Stock Estimate","Private Build Rate","Public Build Rate","Total Build Rate","Estimated Change in Housing Stock","Rate of Stock Growth","Rate of Stock Growth Two Year Rolling Average"
"1",1856-01-01,47,0,0,47,0,0,NA,NA,3691,1.27336765104308,0,1.27336765104308,NA,NA,NA
"2",1857-01-01,42,0,0,42,0,0,NA,NA,3733,1.1251004553978,0,1.1251004553978,42,1.1251004553978,1.17117684849805
"3",1858-01-01,46,0,0,46,0,0,NA,NA,3779,1.21725324159831,0,1.21725324159831,46,1.21725324159831,1.24864751944074
"4",1859-01-01,49,0,0,49,0,0,NA,NA,3828,1.28004179728318,0,1.28004179728318,49,1.28004179728318,1.2367317810554
"5",1860-01-01,47,0,0,47,0,0,NA,-0.764024649383765,3874.23597535062,1.21314241824794,0,1.21314241824794,46.2359753506162,1.19342176482763,1.23080905582594
"6",1861-01-01,49,0,0,49,0,0,NA,-10.6794871794872,3924,1.24872579001019,0,1.24872579001019,49.7640246493838,1.26819634682426,1.08213136200319
"7",1862-01-01,60,0,0,60,0,0,NA,-13.0769230769231,3959.47956509421,1.51535066701556,0,1.51535066701556,35.479565094206,0.89606637718212,1.08181582127872
"8",1863-01-01,65,0,0,65,0,0,NA,-14.1666666666667,4010.31289842754,1.62082115900449,0,1.62082115900449,50.8333333333335,1.26756526537531,1.29763468425879
"9",1864-01-01,69,0,0,69,0,0,NA,-15.0384615384615,4064.27443688908,1.69772000073929,0,1.69772000073929,53.9615384615381,1.32770410314226,1.2439270185054
"10",1865-01-01,61,0,0,61,0,0,NA,-13.2948717948718,4111.97956509421,1.48347040724174,0,1.48347040724174,47.7051282051284,1.16014993386854,1.18135933854831
"11",1866-01-01,64,0,0,64,0,0,NA,-13.9487179487179,4162.03084714549,1.53771085199655,0,1.53771085199655,50.0512820512822,1.20256874322807,1.26869989292722
"12",1867-01-01,72,0,0,72,0,0,NA,-15.6923076923077,4218.33853945318,1.70683313647305,0,1.70683313647305,56.3076923076924,1.33483104262636,1.39815045966511
"13",1868-01-01,80,0,0,80,0,0,NA,-17.4358974358974,4280.90264201728,1.86876476037544,0,1.86876476037544,62.5641025641025,1.46146987670387,1.52182566264286
"14",1869-01-01,88,0,0,88,0,0,NA,-19.1794871794872,4349.7231548378,2.02311726212106,0,2.02311726212106,68.8205128205127,1.58218144858185,1.62207533513336
"15",1870-01-01,94,0,0,94,0,0,NA,-20.4871794871795,4423.23597535062,2.12514097199051,0,2.12514097199051,73.5128205128203,1.66196922168488,1.90138311360111
"16",1871-01-01,96,0,0,96,0,0,NA,-37.9341421143847,4520,2.12389380530973,0,2.12389380530973,96.7640246493838,2.14079700551734,1.33012263454349
"17",1872-01-01,103,0,0,103,0,0,NA,-40.7001733102253,4543.60165992601,2.26692407717972,0,2.26692407717972,23.6016599260065,0.51944826356963,0.877664289384639
"18",1873-01-01,94,0,0,94,0,0,NA,-37.1438474870017,4600.457812439,2.04327490507221,0,2.04327490507221,56.8561525129981,1.23588031519965,1.31797384418803
"19",1874-01-01,108,0,0,108,0,0,NA,-42.6759098786828,4665.78190256032,2.31472456826016,0,2.31472456826016,65.3240901213167,1.40006737317641,1.56002521875602
"20",1875-01-01,135,0,0,135,0,0,NA,-53.3448873483536,4747.43701521197,2.84363962212508,0,2.84363962212508,81.655112651647,1.71998306433563,1.82214101002443
"21",1876-01-01,154,0,0,154,0,0,NA,-60.8526863084922,4840.58432890348,3.18143409010468,0,3.18143409010468,93.1473136915074,1.92429895571322,1.85194772094589
"22",1877-01-01,145,0,0,145,0,0,NA,-57.2963604852686,4928.28796841821,2.94219820207745,0,2.94219820207745,87.7036395147315,1.77959648617857,1.63932243193908
"23",1878-01-01,124,0,0,124,0,0,NA,-48.998266897747,5003.28970152046,2.47836938089588,0,2.47836938089588,75.0017331022527,1.49904837769958,1.34675914683453
"24",1879-01-01,100,0,0,100,0,0,NA,-39.5147313691508,5063.77497015131,1.97481129373748,0,1.97481129373748,60.4852686308495,1.19446991596947,1.15824215894049
"25",1880-01-01,95,0,0,95,0,0,NA,-37.5389948006932,5121.23597535062,1.85502094528062,0,1.85502094528062,57.4610051993068,1.1220144019115,1.48822092891075
"26",1881-01-01,96,0,0,96,0,0,NA,-27.6013745704467,5218,1.83978535837486,0,1.83978535837486,96.7640246493838,1.85442745591,1.27425912229985
"27",1882-01-01,91,0,0,91,0,0,NA,-26.163802978236,5254.47079780193,1.7318585163337,0,1.7318585163337,36.4707978019333,0.694090788689697,0.969715064664354
"28",1883-01-01,93,0,0,93,0,0,NA,-26.7388316151203,5320.73196618681,1.7478798141123,0,1.7478798141123,66.26116838488,1.24533934063901,1.23768037044126
"29",1884-01-01,93,0,0,93,0,0,NA,-26.7388316151203,5386.99313457169,1.72638051834819,0,1.72638051834819,66.26116838488,1.2300214002435,1.17086823077643
"30",1885-01-01,85,0,0,85,0,0,NA,-24.438717067583,5447.55441750411,1.56033319698244,0,1.56033319698244,60.5612829324164,1.11171506130936,1.08640653852501
"31",1886-01-01,82,0,0,82,0,0,NA,-23.5761741122566,5505.97824339185,1.48929030183536,0,1.48929030183536,58.423825887744,1.06109801574067,1.08085433338674
"32",1887-01-01,86,0,0,86,0,0,NA,-24.7262313860252,5567.25201200583,1.54474774654606,0,1.54474774654606,61.2737686139744,1.10061065103281,1.08209602271172
"33",1888-01-01,84,0,0,84,0,0,NA,-24.1512027491409,5627.10080925669,1.49277581559972,0,1.49277581559972,59.8487972508592,1.06358139439064,1.05798489084858
"34",1889-01-01,84,0,0,84,0,0,NA,-24.1512027491409,5686.94960650755,1.47706601626783,0,1.47706601626783,59.8487972508592,1.05238838730652,1.01621731898404
"35",1890-01-01,79,0,0,79,0,0,NA,-22.7136311569301,5743.23597535062,1.37553115245586,0,1.37553115245586,56.2863688430698,0.980046250661564,1.18339558969706
"36",1891-01-01,80,0,0,80,0,0,NA,-24.480135249366,5824,1.37362637362637,0,1.37362637362637,80.7640246493838,1.38674492873255,0.981415835893525
"37",1892-01-01,85,0,0,85,0,0,NA,-26.0101437024514,5857.7456963988,1.45107016257561,0,1.45107016257561,33.7456963987988,0.576086743054497,0.850329681634062
"38",1893-01-01,96,0,0,96,0,0,NA,-29.3761622992392,5924.36953409956,1.62042559039307,0,1.62042559039307,66.6238377007612,1.12457262021363,1.12404656103351
"39",1894-01-01,97,0,0,97,0,0,NA,-29.6821639898563,5991.6873701097,1.61890956600801,0,1.61890956600801,67.3178360101429,1.12352050185339,1.13426340618813
"40",1895-01-01,100,0,0,100,0,0,NA,-30.6001690617075,6061.087201048,1.64986901991295,0,1.64986901991295,69.3998309382932,1.14500631052286,1.23905109956055
"41",1896-01-01,118,0,0,118,0,0,NA,-36.1081994928149,6142.97900155518,1.92089212693266,0,1.92089212693266,81.8918005071846,1.33309588859823,1.41766825525314
"42",1897-01-01,135,0,0,135,0,0,NA,-41.3102282333052,6236.66877332188,2.1646171202402,0,2.1646171202402,93.6897717666952,1.50224062190804,1.63650397247119
"43",1898-01-01,162,0,0,162,0,0,NA,-49.5722738799662,6349.09649944191,2.55154414512742,0,2.55154414512742,112.427726120034,1.77076732303433,1.75536203036137
"44",1899-01-01,162,0,0,162,0,0,NA,-49.5722738799662,6461.52422556194,2.50714838085918,0,2.50714838085918,112.427726120033,1.7399567376884,1.65233712448892
"45",1900-01-01,148,0,0,148,0,0,NA,-45.2882502113271,6564.23597535062,2.25464167582877,0,2.25464167582877,102.711749788673,1.56471751128945,1.8685288349993
"46",1901-01-01,145,0,0,145,0,0,NA,-40.3288431061807,6710,2.16095380029806,0,2.16095380029806,145.764024649384,2.17234015870915,1.59240338537936
"47",1902-01-01,152,0,0,152,0,0,NA,-42.2757527733756,6778.63137947106,2.24234054768531,0,2.24234054768531,68.6313794710604,1.01246661204958,1.31814472406842
"48",1903-01-01,155,0,0,155,0,0,NA,-43.1101426307449,6890.52123684032,2.2494669803975,0,2.2494669803975,111.889857369255,1.62382283608725,1.53465050322198
"49",1904-01-01,140,0,0,140,0,0,NA,-38.9381933438986,6991.58304349642,2.00240773983552,0,2.00240773983552,101.061806656101,1.4454781703567,1.44019583539677
"50",1905-01-01,141,0,0,141,0,0,NA,-39.216323296355,7093.36672020006,1.98777259884885,0,1.98777259884885,101.783676703645,1.43491350043685,1.34054876390945
"51",1906-01-01,124,0,0,124,0,0,NA,-34.4881141045959,7182.87860609547,1.7263273793152,0,1.7263273793152,89.5118858954038,1.24618402738205,1.19435729318903
"52",1907-01-01,115,0,0,115,0,0,NA,-31.9849445324881,7265.89366156298,1.58273717393302,0,1.58273717393302,83.015055467512,1.14253055899602,1.06800077851592
"53",1908-01-01,101,0,0,101,0,0,NA,-28.0911251980983,7338.80253636488,1.3762463221967,0,1.3762463221967,72.9088748019021,0.993470998035819,0.98376226078727
"54",1909-01-01,100,0,0,100,0,0,NA,-27.8129952456418,7410.98954111924,1.34934747168591,0,1.34934747168591,72.187004754358,0.974053523538721,0.91675523083194
"55",1910-01-01,89,0,0,89,0,0,NA,-24.7535657686212,7475.23597535062,1.19059786598677,0,1.19059786598677,64.2464342313788,0.859456938125159,0.931410528719471
"56",1911-01-01,75,0,0,75,0,0,NA,6.49811648797442,7551,0.993245927691697,0,0.993245927691697,75.7640246493838,1.00336411931378,0.97406199496524
"57",1912-01-01,61,0,0,61,0,0,NA,5.28513474355253,7623.01922658214,0.800207872850269,0,0.800207872850269,72.0192265821433,0.944759870616696,0.854317918687259
"58",1913-01-01,54,0,0,54,0,0,NA,4.67864387134158,7681.69787045348,0.702969589674999,0,0.702969589674999,58.6786438713416,0.763875966757822,0.719148749052342
"59",1914-01-01,48,0,0,48,0,0,NA,4.15879455230363,7733.85666500579,0.620647654580809,0,0.620647654580809,52.1587945523033,0.674421531346861,0.554048252676861
"60",1915-01-01,31,0,0,31,0,0,NA,2.68588814836276,7767.54255315415,0.399096622746043,0,0.399096622746043,33.6858881483631,0.433674974006861,0.335466241980168
"61",1916-01-01,17,0,0,17,0,0,NA,1.47290640394087,7786.01545955809,0.218340177826527,0,0.218340177826527,18.4729064039402,0.237257509953476,0.122815301638404
"62",1919-01-01,0.6,0.6,0,0,0,0,NA,0.0519849319037954,7786.66744449,0,0.00770547868234147,0.00770547868234147,0.651984931904735,0.00837309332333299,0.409069476679453
"63",1920-01-01,58.5,15.6,12.9,30,0,0,NA,5.06853086062005,7850.23597535062,0.546480387783298,0.198720141012108,0.745200528795406,63.5685308606198,0.809765860035572,1.21177617885463
"64",1921-01-01,128,80.8,20.3,26.9,0,0,15,-22.0055279159756,7979,0.591552826168693,1.0126582278481,1.60421105401679,128.764024649384,1.61378649767369,1.13733519788061
"65",1922-01-01,91.6,57.5,10.3,23.8,0,0,NA,-15.7477059148701,8032.08274151977,0.424547419360222,0.715879079566358,1.14042649892658,53.0827415197709,0.660883898087522,0.770874939390676
"66",1923-01-01,86.2,14.4,4.3,67.5,0,0,NA,-14.8193477059149,8103.46339381385,0.886040900176235,0.177701796135624,1.06374269631186,71.380652294084,0.880865980693831,1.13026368330249
"67",1924-01-01,136.9,20.3,47,69.2,0,0,NA,-23.5355997788833,8216.82779403497,1.41417105131929,0.247053978844936,1.66122503016423,113.364400221116,1.37966138591115,1.5485760360548
"68",1925-01-01,173.4,44.2,62.8,66.4,0,0,NA,-29.8106135986733,8360.4171804363,1.54537742808257,0.528681751712459,2.07405917979503,143.589386401329,1.71749068619845,1.91365037516233
"69",1926-01-01,217.6,74.1,79.7,63.9,0,0,NA,-37.4093974571586,8540.60778297914,1.68137916702117,0.867619751227499,2.54899891824867,180.19060254284,2.1098100641262,2.1868509157802
"70",1927-01-01,238.9,104,74.5,60.3,0,0,NA,-41.0712548369264,8738.43652814221,1.54261004890149,1.190144251378,2.73275430027949,197.828745163075,2.2638917674342,1.92236758660463
"71",1928-01-01,169.5,55.7,49.1,64.7,0,0,NA,-29.1401326699834,8878.79639547223,1.28170525520816,0.627337282206453,1.90904253741461,140.359867330017,1.58084340577506,1.71543014534795
"72",1929-01-01,202.1,60.2,50.1,91.7,0,0,NA,-34.7446655610834,9046.15172991115,1.56751737350522,0.665476346156658,2.23299371966188,167.355334438915,1.85001688492084,1.75278093469472
"73",1930-01-01,183.9,55.9,2.6,125.4,0,0,NA,-31.6157545605306,9198.43597535062,1.39154091350971,0.60771200832182,1.99925292183153,152.284245439472,1.6555449844686,1.89992155951825
"74",1931-01-01,200.8,70.1,2.3,128.4,0,0,273,-16.894459352802,9400,1.39042553191489,0.745744680851064,2.13617021276596,201.564024649382,2.1442981345679,1.93966306487701
"75",1932-01-01,200.5,56,2.5,142,0,0,NA,-16.8692186266772,9565.97229737114,1.51056260156336,0.585408343858466,2.09597094542183,165.972297371138,1.73502799518612,2.11198841693591
"76",1933-01-01,266.6,55.8,2.9,207.9,0,0,NA,-22.4305919494871,9810.14170542165,2.14879668744744,0.568799123147851,2.71759581059529,244.169408050513,2.48894883868569,2.73490291486805
"77",1934-01-01,329.1,41.6,1.1,286.4,0,0,NA,-27.6890765588004,10111.5526288628,2.8432824369558,0.411410606529953,3.25469304348575,301.410923441199,2.9808569910504,2.91977305867735
"78",1935-01-01,324.9,52.4,0.2,272.3,0,0,NA,-27.3357063930546,10409.1169224698,2.61789738773866,0.503404855477086,3.12130224321575,297.564293606945,2.8586891263043,2.90695846001262
"79",1936-01-01,346.1,71.7,0.8,273.5,0,0,NA,-29.1193843725336,10726.0975380973,2.55731405598106,0.668463061661838,3.2257771176429,316.980615627466,2.95522779372093,2.87855432007741
"80",1937-01-01,337.6,78,2.6,257.1,0,0,NA,-28.404230465667,11035.2933076316,2.35335838169703,0.706823079600958,3.06018146129799,309.195769534332,2.8018808464339,2.74327118059134
"81",1938-01-01,332.4,101.7,4.2,226.4,0,0,NA,-27.9667245461722,11339.7265830854,2.03355873098358,0.896847020559542,2.93040575154313,304.43327545383,2.68466151474877,2.12476746273279
"82",1939-01-01,196,50.5,2.8,142.7,0,0,NA,-0.278453038673921,11520,1.26302083333333,0.438368055555556,1.70138888888889,180.273416914577,1.56487341071681,1.02370593255455
"83",1940-01-01,42.5,15.4,0.6,26.4,0,0,285,-2.09016393442538,11575.8579661123,0.233244050497518,0.133035495468955,0.366279545966473,55.857966112324,0.48253845439228,0.28148455404042
"84",1941-01-01,9.8,2.9,0.1,5.5,0,0,NA,-0.481967213114559,11585.1759988992,0.0483376342364768,0.0250319891581755,0.0733696233946523,9.31803278688494,0.0804306536885613,0.0795789184689846
"85",1942-01-01,9.6,1.4,0.1,2.5,0,0,NA,-0.472131147540793,11594.3038677517,0.0224248047114896,0.0120748948446483,0.0344996995561379,9.12786885245805,0.078727183249408,0.0631344551103355
"86",1943-01-01,5.8,2.5,0.1,1.1,0,0,NA,-0.285245901639229,11599.81862185,0.0103449893409507,0.0215520611269806,0.0318970504679313,5.51475409836166,0.047541726971263,0.0463020418922968
"87",1944-01-01,5.5,2.4,0.1,1.7,0,0,NA,-0.270491803278579,11605.0481300467,0.0155104914674124,0.0206806552898832,0.0361911467572955,5.22950819672042,0.0450623568133306,0.000771997170677951
"88",1945-01-01,10.4,0,0,0.9,8.9,0,48,-1.05981068131355,11600,0.00775862068965517,0.0767241379310345,0.0844827586206897,-5.04813004674907,-0.0435183624719747,0.506884587255447
"89",1946-01-01,122,21.3,0,29.7,70.9,0.1,NA,-12.4323945307936,11723.9559248346,0.253327462082035,0.787276927615214,1.04060438969725,123.955924834641,1.05728753698287,1.14115207280181
"90",1947-01-01,161.9,87.1,0,39.6,34.4,0.9,NA,-16.4983989716023,11869.357525863,0.333632211463111,1.03122683543143,1.36485904689454,145.401601028399,1.22501660862075,1.42094418561592
"91",1948-01-01,217.2,173.4,0,31.2,10.7,1.8,NA,-22.1337384597407,12064.4237874033,0.25861160507787,1.54089414692231,1.79950575200018,195.066261540258,1.61687176261108,1.43981456335655
"92",1949-01-01,171.8,145.8,0,24.7,0,1.3,NA,-17.5072572163143,12218.716530187,0.202148891325675,1.20389076574926,1.40603965707494,154.292742783688,1.26275736410202,1.25703430739175
"93",1950-01-01,172.4,144.2,0,26.6,0,1.5,NA,-17.5684001402362,12373.5481300467,0.214974716390419,1.17751188639414,1.39248660278456,154.831599859763,1.25131125068148,1.24996476322283
"94",1951-01-01,171.9,148.9,0,21.4,0,1.7,7.48,-4.76793638578948,12530,0.170790103750998,1.20191540303272,1.37270550678372,156.451869953251,1.24861827576417,1.46320970257279
"95",1952-01-01,209,175,0,32.1,0,1.9,9.2,-5.86430678466085,12743.8158868763,0.251886878192088,1.38812426019253,1.64001113838462,213.815886876298,1.67780112938141,1.88185423513161
"96",1953-01-01,279.2,211,0,60.5,0,7.7,12.1,-7.71283827113003,13015.3030486052,0.464837428479882,1.68032967948017,2.14516710796005,271.48716172887,2.08590734088182,2.17186176255131
"97",1954-01-01,309,206.1,0,88,0,14.8,13.1,-8.35026292163665,13315.9527856835,0.660861460057233,1.65891246053003,2.31977392058726,300.649737078364,2.2578161842208,2.02625104223271
"98",1955-01-01,283.3,168.9,0,109.9,0,4.4,24.4,-15.5531614723614,13559.2996242112,0.810513839547915,1.27808961231714,2.08860345186506,243.346838527639,1.79468590024462,1.66897693968264
"99",1956-01-01,268.7,146.6,0,119.6,0,2.5,34.3,-21.8636655123769,13771.8359586988,0.868439040071896,1.08264432169498,1.95108336176688,212.536334487622,1.54326797912065,1.47266213232282
"100",1957-01-01,268.7,143.8,0,122.9,0,1.9,44.5,-28.3653969475443,13967.6705617513,0.879889022701799,1.04312311316234,1.92301213586414,195.834603052457,1.40205628552499,1.25109187232883
"101",1958-01-01,241.5,116.3,0,124.1,0,1.1,52.6,-33.5285366166479,14123.0420251346,0.878705874974675,0.831265670604567,1.70997154557924,155.371463383352,1.10012745913266,1.09314738131246
"102",1959-01-01,249.4,101.8,0,146.5,0,1.1,57.6,-36.715659869181,14278.1263652654,1.02604498834239,0.720682793859607,1.746727782202,155.084340130819,1.08616730349225,1.15368919258385
"103",1960-01-01,269.2,105.4,0,162.1,0,1.7,56.6,-36.0782352186744,14454.6481300467,1.12143857492487,0.74093813309348,1.86237670801835,176.521764781324,1.22121108167545,1.26386195881278
"104",1961-01-01,268.8,96.9,0,170.4,0,1.6,62,-4.56067796610147,14646,1.16345759934453,0.672538577085894,1.83599617643042,191.351869953254,1.30651283595012,1.40180500376332
"105",1962-01-01,278.7,110.1,0,167,0,1.6,62.4,-4.59010169491502,14868.5973503857,1.12317252303337,0.751247729478008,1.87442025251138,222.597350385728,1.49709717157653,1.42783699571904
"106",1963-01-01,270.7,100.5,0,168.2,0,1.9,61.4,-4.51654237288113,15073.3808080128,1.11587441558291,0.679343282732997,1.79521769831591,204.783457627122,1.35857681986155,1.56170176645032
"107",1964-01-01,336.5,123.3,0,210.4,0,2.9,61.2,-4.50183050847435,15344.1789775044,1.37120402667657,0.822461730829769,2.19366575750634,270.798169491525,1.76482671303909,1.78485508193141
"108",1965-01-01,347.2,137.1,0,206.2,0,3.8,60.7,-4.4650508474574,15626.2139266569,1.31957748030213,0.901689946530408,2.22126742683254,282.034949152543,1.80488345082373,1.7757636394731
"109",1966-01-01,349.5,147.5,0,197.5,0,4.4,66.8,-4.91376271186416,15904.0001639451,1.24182594293315,0.955105623957191,2.19693156689034,277.786237288135,1.74664382812248,1.75798648748207
"110",1967-01-01,362.9,165.1,0,192.9,0,4.8,71.2,-5.2374237288133,16190.4627402162,1.19144216626278,1.04938322471771,2.24082539098048,286.462576271184,1.76932914684165,1.77889526985585
"111",1968-01-01,371.7,152.4,0,213.3,0,6,71.6,-5.26684745762685,16485.2958927586,1.29388032454847,0.960856274770168,2.25473659931863,294.833152542378,1.78846139287004,1.58430041180169
"112",1969-01-01,324.2,143.7,0,173.4,0,7.2,72.7,-2.11938983050856,16716,1.03732950466619,0.902727925340991,1.94005743000718,230.704107241385,1.38013943073334,1.33665961793531
"113",1970-01-01,307.3,137,0,162.1,0,8.2,71.1,0.740178032589172,16935,0.957189253026277,0.857395925597874,1.81458517862415,219,1.29317980513729,1.35102024546903
"114",1971-01-01,309.8,119.4,0,180,0,10.3,74.7,-2.31042546771273,17177,1.04791290679397,0.755079466728765,1.80299237352273,242,1.40886068580078,1.27705925634422
"115",1972-01-01,287.3,95.4,0,184.6,0,7.3,67.8,-1.38095956547978,17376,1.06238489871087,0.591045119705341,1.65343001841621,199,1.14525782688766,1.10781452036708
"116",1973-01-01,264,81,0,174.4,0,8.6,62.5,-0.499773687387118,17564,0.992940104759736,0.510134365748121,1.50307447050786,188,1.0703712138465,1.08420300655161
"117",1974-01-01,241.2,102.1,0,129.7,0,9.4,40.9,-0.530687990343905,17759,0.730333915197928,0.627850667267301,1.35818458246523,195,1.09803479925671,1.15809516133711
"118",1975-01-01,278.8,124.4,0,140.4,0,13.9,51.2,-0.672057936028743,17978,0.780954499944376,0.76927355656914,1.55022805651352,219,1.21815552341751,1.22710775676452
"119",1976-01-01,278.7,125.6,0,138.5,0,14.6,45,-0.285153892577243,18203,0.760863593913091,0.770202713838378,1.53106630775147,225,1.23605999011152,1.24994581193578
"120",1977-01-01,276.1,122.7,0,128.7,0,24.6,38.9,-0.105642727821108,18436,0.698090692124105,0.798980256020829,1.49707094814493,233,1.26383163376003,1.22153845838945
"121",1978-01-01,254.1,97.8,0,134.6,0,21.6,32.3,-0.199803862402038,18656,0.721483704974271,0.640008576329331,1.3614922813036,220,1.17924528301887,1.08845516114433
"122",1979-01-01,220.8,78.1,0,125.4,0,17.3,28.7,-4.26949305974663,18844,0.665463808108682,0.506261940140098,1.17172574824878,188,0.997665039269794,0.731243252785119
"123",1980-01-01,214.9,78.5,0,116.2,0,20.2,28.3,0.79844598672318,18932,0.613775618001268,0.521339530952884,1.13511514895415,88,0.464821466300444,0.690358082289281
"124",1981-01-01,179.8,58.4,0,104,0,17.4,23.5,0.0319100784549618,19107,0.54430313497671,0.396713246454179,0.941016381430889,175,0.915894698278118,0.82937592056763
"125",1982-01-01,159.4,33.5,0,113.9,0,12,17.3,0.0313216656608518,19250,0.591688311688312,0.236363636363636,0.828051948051948,143,0.742857142857143,0.811673666943735
"126",1983-01-01,181.4,31.6,0,134.9,0,14.9,11.6,-0.0315027157514088,19421,0.694608928479481,0.239431543174914,0.934040471654395,171,0.880490191030328,0.896877748576388
"127",1984-01-01,191.1,31.3,0,145.3,0,14.5,10.3,0.0279722389861647,19600,0.741326530612245,0.233673469387755,0.975,179,0.913265306122449,0.889084223543244
"128",1985-01-01,178.3,24.4,0,142,0,11.9,9.1,0.00411888955943479,19771,0.718223660917505,0.183602245713419,0.901825906630924,171,0.864903140964038,0.886040183152428
"129",1986-01-01,187.7,20.5,0,156.1,0,11.2,7,0.862854556427286,19952,0.782377706495589,0.158881315156375,0.941259021651965,181,0.907177225340818,1.13093460297991
"130",1987-01-01,198.9,17.4,0,169.9,0,11.4,6.6,0.0945986722993362,20226,0.840007910610106,0.142390981904479,0.982398892514585,274,1.35469198061901,1.20809001026743
"131",1988-01-01,214.2,16.9,0,185.7,0,11.5,6.7,0.113216656608299,20443,0.908379396370396,0.138922858680233,1.04730225505063,217,1.06148803991586,1.00557322679935
"132",1989-01-01,191,15.3,0,163.3,0,12.3,6.2,0.0757694628847519,20639,0.791220504869422,0.133727409273705,0.924947914143127,196,0.949658413682833,0.899982934743031
"133",1990-01-01,175.1,0,0,144.8,0,15.6,6.2,-1.15805672902836,20816,0.695618754803997,0.0749423520368947,0.770561106840892,177,0.850307455803228,0.518656485034196
"134",1991-01-01,165.2,0,0,138.8,0,17.8,2.4,0.0832830416415208,20855,0.665547830256533,0.0853512347158955,0.750899064972429,39,0.187005514265164,0.509575034831108
"135",1992-01-01,154.1,0,0,127,0,23.4,2.1,0.0237628243814122,21030,0.603899191631003,0.111269614835949,0.715168806466952,175,0.832144555397052,0.795950527899083
"136",1993-01-01,157.6,0,0,123.3,0,32.7,4.1,0.00123717561856981,21191,0.581850785710915,0.154310792317493,0.736161578028408,161,0.759756500401114,0.759216048168056
"137",1994-01-01,165.2,0,0,133,0,33.8,3.4,0.0564272782136391,21353,0.622863297897251,0.158291574954339,0.78115487285159,162,0.758675595934997,0.788088785008235
"138",1995-01-01,167,0,0,132.5,0,33.4,2,0.0428485214242739,21529,0.615448929351108,0.155139579172279,0.770588508523387,176,0.817501974081472,0.805046088648957
"139",1996-01-01,159.4,0,0,129.3,0,29.6,1.6,0.0166566083282989,21701,0.595825077185383,0.136399244274457,0.732224321459841,172,0.792590203216442,0.77132368610399
"140",1997-01-01,158.4,0,0,136,0,23.1,1.3,0.323627036813518,21865,0.621998627944203,0.105648296364052,0.727646924308255,164,0.750057168991539,0.749517917223868
"141",1998-01-01,149.3,0,0,127.6,0,21.4,NA,2.47458563535912,22030,0.579210167952792,0.097140263277349,0.676350431230141,165,0.748978665456196,0.726062396822572
"142",1999-01-01,148.2,0,0,129.7,0,18.4,NA,2.45635359116022,22186,0.584602902731452,0.0829351843504913,0.667538087081944,156,0.703146128188948,0.700691316712861
"143",2000-01-01,144.4,0,0,126.2,0,18,NA,2.14789630259244,22342,0.564855429236416,0.0805657506042431,0.645421179840659,156,0.698236505236774,0.660478451888914
"144",2001-01-01,138.3,0,0,122.3,0,15.6,NA,2.30695920101997,22482,0.543990748154079,0.0693888444088604,0.613379592562939,140,0.622720398541055,0.658106963703586
"145",2002-01-01,145.1,0.19,0,130.8,0,14.09,NA,2.62080322991925,22639,0.577764035513936,0.0630769910331729,0.640841026547109,157,0.693493528866116,0.719406679378913
"146",2003-01-01,152.4,0.2,0,138.9,0,13.24,NA,2.94696132596685,22809,0.608970143364461,0.0589241089043798,0.667894252268841,170,0.745319829891709,0.768466969880394
"147",2004-01-01,162.6,0.16,0,145.3,0,17.08,NA,3.42061198470038,22991,0.631986429472402,0.0749858640337523,0.706972293506155,182,0.791614109869079,0.822733614941439
"148",2005-01-01,167.7,0.2,0,149.6,0,17.89,NA,3.83080110497238,23189,0.645133468454871,0.0780111259648971,0.723144594419768,198,0.8538531200138,0.886249752623547
"149",2006-01-01,170.2,0.28,0,148.9,0,21.01,NA,4.10490862728432,23404,0.636216031447616,0.0909673560075202,0.727183387455136,215,0.918646385233293,0.939624491757606
"150",2007-01-01,185.3,0.26,0,162.5,0,22.52,NA,4.62659371015725,23631,0.687656045025602,0.0963987981888198,0.784054843214422,227,0.960602598281918,0.972633487190904
"151",2008-01-01,155.1,0.43,0,127.5,0,27.16,NA,3.19691882702932,23866,0.534232799798877,0.115603787815302,0.649836587614179,235,0.984664376099891,0.895490957792257
"152",2009-01-01,131.1,0.36,0,102.9,0,27.87,NA,2.14507012324692,24060,0.427680798004988,0.117331670822943,0.54501246882793,194,0.806317539484622,0.721156622224346
"153",2010-01-01,112.2,0.79,0,87.8,0,23.64,NA,1.74045898852529,24214,0.362600148674321,0.100892045923846,0.463492194598166,154,0.63599570496407,0.617669445257076
"154",2011-01-01,119.6,2.23,0,90.6,0,26.77,NA,1.77900552486188,24360,0.37192118226601,0.119047619047619,0.490968801313629,146,0.599343185550082,0.585385878489327
"155",2012-01-01,121,1.41,0,93.4,0,26.18,NA,1.67127071823204,24500,0.381224489795918,0.112612244897959,0.493836734693878,140,0.571428571428571,0.549620091642016
"156",2013-01-01,115.3,0.85,0,92.2,0,22.26,NA,1.73954526136847,24630,0.374340235485181,0.0938286642306131,0.468168899715794,130,0.527811611855461,0.55051972486847
"157",2014-01-01,124,1.18,0,98.2,0,24.62,NA,2.33191670208245,24772,0.396415307605361,0.104149846601001,0.500565154206362,142,0.573227837881479,0.641337555158624
"158",2015-01-01,149.4,1.65,0,116.4,0,31.37,NA,3.12705057373566,24949,0.466551765601828,0.132349993987735,0.598901759589563,177,0.709447272435769,0.7464360358043
"159",2016-01-01,148.7,2.1,0,120.9,0,25.67,NA,3.52317254568636,25146,0.48079217370556,0.110435059253957,0.591227232959517,197,0.783424799172831,0.831225190788276
"160",2017-01-01,169.1,1.83,0,138.9,0,28.4,NA,4.11431151721207,25369,0.547518625093618,0.119161180968899,0.666679806062517,223,0.879025582403721,0.88681336155892
"161",2018-01-01,171.3,2.75,0,139.7,0,28.82,NA,4.51364215894603,25598,0.545745761387608,0.12332994765216,0.669075709039769,229,0.894601140714118,0.927065330861586
"162",2019-01-01,183.9,2.24,0,148.5,0,33.21,NA,NA,25846,0.574556991410663,0.137158554515205,0.711715545925869,248,0.959529521009054,NA
