Quarter,Year,Q,CPI,Earnings,HousePrice
Q4 1952,1952,Q4,5.31,6.57,1890.7397635229636
Q1 1953,1953,Q1,5.34,6.64,1890.7397635229636
Q2 1953,1953,Q2,5.42,6.67,1890.7397635229636
Q3 1953,1953,Q3,5.42,6.75,1881.4257745400917
Q4 1953,1953,Q4,5.42,6.8,1872.11178555722
Q1 1954,1954,Q1,5.42,6.86,1862.7977965743482
Q2 1954,1954,Q2,5.47,6.98,1872.11178555722
Q3 1954,1954,Q3,5.58,7.06,1862.7977965743482
Q4 1954,1954,Q4,5.63,7.13,1853.4838075914765
Q1 1955,1955,Q1,5.68,7.28,1900.0537525058353
Q2 1955,1955,Q2,5.73,7.48,1937.3097084373221
Q3 1955,1955,Q3,5.81,7.56,1937.3097084373221
Q4 1955,1955,Q4,5.99,7.63,1937.3097084373221
Q1 1956,1956,Q1,6.02,7.85,1974.565664368809
Q2 1956,1956,Q2,6.12,8.09,2002.5076313174243
Q3 1956,1956,Q3,6.1,8.16,2002.5076313174243
Q4 1956,1956,Q4,6.17,8.23,2002.5076313174243
Q1 1957,1957,Q1,6.25,8.27,2021.1356092831677
Q2 1957,1957,Q2,6.28,8.44,2021.135609283168
Q3 1957,1957,Q3,6.36,8.6,2030.4495982660399
Q4 1957,1957,Q4,6.46,8.69,2030.44959826604
Q1 1958,1958,Q1,6.46,8.72,2049.0775762317835
Q2 1958,1958,Q2,6.54,8.72,2049.0775762317835
Q3 1958,1958,Q3,6.49,8.84,2058.391565214655
Q4 1958,1958,Q4,6.59,9.02,2067.705554197527
Q1 1959,1959,Q1,6.62,9.03,2077.0195431803986
Q2 1959,1959,Q2,6.51,9.03,2104.961510129014
Q3 1959,1959,Q3,6.51,9.08,2123.5894880947576
Q4 1959,1959,Q4,6.59,9.12,2170.1594330091166
Q1 1960,1960,Q1,6.57,9.25,2188.78741097486
Q2 1960,1960,Q2,6.59,9.41,2235.3573558892185
Q3 1960,1960,Q3,6.59,9.51,2300.5552787693205
Q4 1960,1960,Q4,6.7,9.65,2328.4972457179356
Q1 1961,1961,Q1,6.72,9.9,2403.0091575809097
Q2 1961,1961,Q2,6.77,9.99,2440.2651135123965
Q3 1961,1961,Q3,6.85,10.09,2468.2070804610116
Q4 1961,1961,Q4,6.96,10.24,2542.7189923239853
Q1 1962,1962,Q1,7.01,10.31,2552.032981306857
Q2 1962,1962,Q2,7.16,10.45,2598.6029262212155
Q3 1962,1962,Q3,7.14,10.6,2645.172871135574
Q4 1962,1962,Q4,7.14,10.71,2673.114838084189
Q1 1963,1963,Q1,7.24,10.71,2747.6267499471633
Q2 1963,1963,Q2,7.27,10.78,2822.1386618101374
Q3 1963,1963,Q3,7.24,11.06,2850.0806287587525
Q4 1963,1963,Q4,7.3,11.23,2943.22051858747
Q1 1964,1964,Q1,7.35,11.55,2999.1044524847007
Q2 1964,1964,Q2,7.48,11.85,3092.244342313418
Q3 1964,1964,Q3,7.56,12.02,3138.814287227777
Q4 1964,1964,Q4,7.61,12.09,3185.384232142136
Q1 1965,1965,Q1,7.66,12.26,3269.210132987982
Q2 1965,1965,Q2,7.82,12.54,3343.722044850956
Q3 1965,1965,Q3,7.87,12.78,3380.978000782443
Q4 1965,1965,Q4,7.92,13.14,3418.2339567139297
Q1 1966,1966,Q1,7.97,13.3,3464.8039016282887
Q2 1966,1966,Q2,8.1,13.49,3557.9437914570062
Q3 1966,1966,Q3,8.18,13.56,3557.9437914570062
Q4 1966,1966,Q4,8.26,13.63,3585.8857584056213
Q1 1967,1967,Q1,8.26,13.59,3641.769692302852
Q2 1967,1967,Q2,8.31,13.74,3697.6536262000823
Q3 1967,1967,Q3,8.29,14.2,3762.8515490801847
Q4 1967,1967,Q4,8.39,14.48,3837.3634609431588
Q1 1968,1968,Q1,8.47,14.77,3902.561383823261
Q2 1968,1968,Q2,8.65,15.03,3995.7012736519787
Q3 1968,1968,Q3,8.68,15.35,4051.5852075492094
Q4 1968,1968,Q4,8.78,15.59,4088.841163480696
Q1 1969,1969,Q1,8.94,15.84,4144.725097377926
Q2 1969,1969,Q2,9.09,16.17,4200.609031275157
Q3 1969,1969,Q3,9.09,16.51,4228.550998223772
Q4 1969,1969,Q4,9.25,16.9,4312.376899069617
Q1 1970,1970,Q1,9.41,17.51,4377.57482194972
Q2 1970,1970,Q2,9.64,18.13,4452.086733812694
Q3 1970,1970,Q3,9.74,18.76,4507.970667709924
Q4 1970,1970,Q4,9.95,19.34,4582.4825795728975
Q1 1971,1971,Q1,10.21,20.05,4740.820392281717
Q2 1971,1971,Q2,10.55,20.45,4908.472193973409
Q3 1971,1971,Q3,10.76,20.81,5243.775797356791
Q4 1971,1971,Q4,10.86,21.27,5532.509455825816
Q1 1972,1972,Q1,11.02,21.97,6007.522893952275
Q2 1972,1972,Q2,11.26,22.85,6557.048243941707
Q3 1972,1972,Q3,11.44,23.58,7395.3072524001645
Q4 1972,1972,Q4,11.72,24.59,7879.634679509495
Q1 1973,1973,Q1,11.88,25.33,8395.681283205331
Q2 1973,1973,Q2,12.3,26.17,8832.066977021654
Q3 1973,1973,Q3,12.51,27.16,9183.072861178262
Q4 1973,1973,Q4,13,27.81,9767.450225071423
Q1 1974,1974,Q1,13.47,28.29,9927.774534321334
Q2 1974,1974,Q2,14.23,30.23,10027.384312257667
Q3 1974,1974,Q3,14.56,32.76,10147.864710333042
Q4 1974,1974,Q4,15.24,35.34,10207.630577094844
Q1 1975,1975,Q1,16.05,38.02,10387.87684193202
Q2 1975,1975,Q2,17.46,39.48,10728.447416019108
Q3 1975,1975,Q3,18.21,42,10977.946193135831
Q4 1975,1975,Q4,18.84,43.78,11288.159501566128
Q1 1976,1976,Q1,19.41,45.39,11518.684987647359
Q2 1976,1976,Q2,20.11,46.82,11738.77516365907
Q3 1976,1976,Q3,20.58,48.27,11998.709250845315
Q4 1976,1976,Q4,21.49,49.74,12209.312781339278
Q1 1977,1977,Q1,22.46,51,12409.481001763721
Q2 1977,1977,Q2,23.4,51.54,12689.337044537233
Q3 1977,1977,Q3,23.81,52.52,12970.14175186252
Q4 1977,1977,Q4,24.13,54.12,13150.388016699697
Q1 1978,1978,Q1,24.44,56.19,13820.145190252571
Q2 1978,1978,Q2,25.06,58.54,14490.851028357225
Q3 1978,1978,Q3,25.45,60.17,15911.950526915596
Q4 1978,1978,Q4,25.85,62.02,16822.668496619226
Q1 1979,1979,Q1,26.42,63.89,17793.152333084658
Q2 1979,1979,Q2,27.25,67.82,19074.79814253216
Q3 1979,1979,Q3,28.89,70.44,20485.462331021008
Q4 1979,1979,Q4,29.7,74.41,21966.327696341177
Q1 1980,1980,Q1,30.59,78.28,22676.87744562037
Q2 1980,1980,Q2,32.23,82.37,23347.583283725016
Q3 1980,1980,Q3,32.93,86.47,23628.387991050306
Q4 1980,1980,Q4,33.53,88.83,23497.472282905408
Q1 1981,1981,Q1,34.36,91.53,23729.89509809019
Q2 1981,1981,Q2,36.06,93.69,24097.97694417874
Q3 1981,1981,Q3,36.71,97.26,24188.100076597322
Q4 1981,1981,Q4,37.41,99.77,23798.19894581796
Q1 1982,1982,Q1,37.86,102.01,24176.71610197603
Q2 1982,1982,Q2,39.16,103.78,24678.559649864797
Q3 1982,1982,Q3,39.39,105.87,24968.85100270783
Q4 1982,1982,Q4,39.86,107.64,25579.790974050688
Q1 1983,1983,Q1,40.15,110.82,26307.41668526181
Q2 1983,1983,Q2,40.83,113.08,27386.048280629548
Q3 1983,1983,Q3,41.27,115.1,28175.337187706027
Q4 1983,1983,Q4,41.74,116.64,28623.10685614364
Q1 1984,1984,Q1,41.84,117.88,29675.17584406169
Q2 1984,1984,Q2,42.75,119.17,30832.54659722672
Q3 1984,1984,Q3,42.96,121.89,31253.75365821465
Q4 1984,1984,Q4,43.41,125.12,32542.988784076344
Q1 1985,1985,Q1,43.85,127.87,33200.41331845616
Q2 1985,1985,Q2,44.97,130.49,34173.74314857691
Q3 1985,1985,Q3,45.1,133.36,34700.25197481182
Q4 1985,1985,Q4,45.46,135.45,35436.41566698892
Q1 1986,1986,Q1,45.62,137.96,35647.019197482885
Q2 1986,1986,Q2,46.32,141.05,37014.99348114188
Q3 1986,1986,Q3,46.51,143.66,38251.103392104196
Q4 1986,1986,Q4,46.9,146.43,39593.463732865275
Q1 1987,1987,Q1,47.21,148.33,40881.7501941752
Q2 1987,1987,Q2,47.81,151.99,42986.83683456307
Q3 1987,1987,Q3,47.86,155.2,44433.55027601935
Q4 1987,1987,Q4,48.41,158.64,44354.81111822207
Q1 1988,1988,Q1,48.54,161.86,45090.97481039916
Q2 1988,1988,Q2,49.53,165.08,48932.11758053457
Q3 1988,1988,Q3,49.89,169.24,54351.83816482294
Q4 1988,1988,Q4,50.52,174.45,57245.26504773551
Q1 1989,1989,Q1,50.99,177.65,59534.39261116766
Q2 1989,1989,Q2,52.13,181.43,62243.77857103595
Q3 1989,1989,Q3,52.47,185.43,62781.67137189216
Q4 1989,1989,Q4,53.28,190.39,61495.28223968579
Q1 1990,1990,Q1,53.93,195.25,59586.56916151526
Q2 1990,1990,Q2,55.62,201.4,58982.26984203483
Q3 1990,1990,Q3,56.41,205.95,57245.26504773551
Q4 1990,1990,Q4,57.47,209.89,54919.139566784164
Q1 1991,1991,Q1,57.71,212.29,54547.25079701261
Q2 1991,1991,Q2,60.29,217.1,55418.4632169171
Q3 1991,1991,Q3,60.76,221.5,54903.25396517977
Q4 1991,1991,Q4,61.51,224.82,53635.13098110233
Q1 1992,1992,Q1,61.75,228.99,52186.61939183476
Q2 1992,1992,Q2,62.87,230.33,52663.029218356285
Q3 1992,1992,Q3,62.76,233.43,52243.04626582463
Q4 1992,1992,Q4,63.13,235.46,50168.0806622301
Q1 1993,1993,Q1,63.21,235.71,50128.383580322356
Q2 1993,1993,Q2,64.4,237.94,51918.13896610876
Q3 1993,1993,Q3,64.51,240.2,51746.26098977575
Q4 1993,1993,Q4,64.67,242.04,51049.87380855861
Q1 1994,1994,Q1,64.74,244.71,51326.70534260387
Q2 1994,1994,Q2,65.68,246.31,51361.90217342293
Q3 1994,1994,Q3,65.63,249.09,51731.08506160572
Q4 1994,1994,Q4,65.81,251.81,52113.52843281648
Q1 1995,1995,Q1,66.36,253.91,51084.04995047046
Q2 1995,1995,Q2,67.3,255.04,51633
Q3 1995,1995,Q3,67.43,256.05,51334
Q4 1995,1995,Q4,67.74,259.3,50930
Q1 1996,1996,Q1,68.08,261.82,51367
Q2 1996,1996,Q2,68.9,263.48,53032
Q3 1996,1996,Q3,68.93,266.43,54008
Q4 1996,1996,Q4,69.36,269.74,55169
Q1 1997,1997,Q1,69.39,272.93,55810
Q2 1997,1997,Q2,70,274.45,58403
Q3 1997,1997,Q3,70.27,278.5,60754
Q4 1997,1997,Q4,70.64,282.45,61830
Q1 1998,1998,Q1,70.48,287.92,62903
Q2 1998,1998,Q2,71.29,290.24,65221
Q3 1998,1998,Q3,71.25,292.83,66366
Q4 1998,1998,Q4,71.64,295.02,66312.85582899507
Q1 1999,1999,Q1,71.58,301.12,67477.56348603446
Q2 1999,1999,Q2,72.29,302.29,70009.88316116497
Q3 1999,1999,Q3,72.12,305.12,72362.17926417878
Q4 1999,1999,Q4,72.46,310.84,74637.6027782173
Q1 2000,2000,Q1,72.14,311,77697.68403715588
Q2 2000,2000,Q2,72.74,315,81201.67339858702
Q3 2000,2000,Q3,72.71,319.67,80935.43093864674
Q4 2000,2000,Q4,73.15,325,81628.06724428438
Q1 2001,2001,Q1,72.77,330.33,83976.2737743451
Q2 2001,2001,Q2,73.84,332.67,87637.81615187277
Q3 2001,2001,Q3,73.82,335,91048.79573860565
Q4 2001,2001,Q4,73.9,338,92533
Q1 2002,2002,Q1,73.89,340.67,95356
Q2 2002,2002,Q2,74.53,344.67,103501
Q3 2002,2002,Q3,74.58,346,110830
Q4 2002,2002,Q4,75.03,347,115940
Q1 2003,2003,Q1,74.99,351.33,119937.97091927993
Q2 2003,2003,Q2,75.48,354,125381.89152379334
Q3 2003,2003,Q3,75.61,357,129760.81264882484
Q4 2003,2003,Q4,76.01,360.33,133902.72431667423
Q1 2004,2004,Q1,75.94,362,140224.72839394287
Q2 2004,2004,Q2,76.53,369.67,148462.1695470702
Q3 2004,2004,Q3,76.56,373.67,153481.89696762565
Q4 2004,2004,Q4,77.11,379.33,152464.44408715086
Q1 2005,2005,Q1,77.26,380,152790.2063464151
Q2 2005,2005,Q2,78.03,386.67,157493.99471696085
Q3 2005,2005,Q3,78.4,392,157627.180485769
Q4 2005,2005,Q4,78.76,395.33,157387.1671385402
Q1 2006,2006,Q1,78.75,400.33,160318.91841290306
Q2 2006,2006,Q2,79.79,405,165034.93768043967
Q3 2006,2006,Q3,80.3,407.33,168459.89392346563
Q4 2006,2006,Q4,80.89,414.33,172064.55600816399
Q1 2007,2007,Q1,81,424.67,175554.04737287393
Q2 2007,2007,Q2,81.83,422.33,181810.41544843017
Q3 2007,2007,Q3,81.74,428.33,184130.8819154249
Q4 2007,2007,Q4,82.58,431,183958.90786142173
Q1 2008,2008,Q1,82.92,442.67,179363.08876032973
Q2 2008,2008,Q2,84.6,439.67,174514.48914169855
Q3 2008,2008,Q3,85.65,441.33,165188.45305606507
Q4 2008,2008,Q4,85.76,443.33,156827.58171243957
Q1 2009,2009,Q1,85.42,430.67,149709.13469251405
Q2 2009,2009,Q2,86.36,444,154066.0402952881
Q3 2009,2009,Q3,86.93,443.67,160158.67185069327
Q4 2009,2009,Q4,87.56,447.33,162116.10428815728
Q1 2010,2010,Q1,88.21,449.33,162886.94769711408
Q2 2010,2010,Q2,89.35,449.33,168719.1003107008
Q3 2010,2010,Q3,89.61,452.67,167353.997059941
Q4 2010,2010,Q4,90.52,455,162971.30816989226
Q1 2011,2011,Q1,91.85,461.67,162378.8622557811
Q2 2011,2011,Q2,93.26,460.67,166763.77091115
Q3 2011,2011,Q3,93.83,462.33,166596.74937662765
Q4 2011,2011,Q4,94.72,464,164784.71427183633
Q1 2012,2012,Q1,95.05,465,162721.88799839217
Q2 2012,2012,Q2,95.83,468.33,164954.8248967513
Q3 2012,2012,Q3,96.09,470.67,163910.34101588427
Q4 2012,2012,Q4,97.25,470,162923.9940933071
Q1 2013,2013,Q1,97.69,467,163055.6943195685
Q2 2013,2013,Q2,98.4,479,167294.36460933823
Q3 2013,2013,Q3,98.7,474.33,170918
Q4 2013,2013,Q4,99.3,475.67,174444.40590091003
Q1 2014,2014,Q1,99.39,476,178124
Q2 2014,2014,Q2,100.09,478.33,186544.36983655585
Q3 2014,2014,Q3,100.13,479.33,188810.2777967449
Q4 2014,2014,Q4,100.23,485.67,189001.54559565638
Q1 2015,2015,Q1,99.49,487.33,188565.55025504233
Q2 2015,2015,Q2,100.07,490.33,194258.07236822028
Q3 2015,2015,Q3,100.14,493.33,195732.54872938144
Q4 2015,2015,Q4,100.29,495,197043.92974371143
Q1 2016,2016,Q1,99.84,497.33,198564.36995042174
Q2 2016,2016,Q2,100.43,502.33,204238.09036418528
Q3 2016,2016,Q3,100.87,505.33,206345.8948554107
Q4 2016,2016,Q4,101.51,507.67,205936.9412011511
